<data>
    <country name="Liechtenstein">
        <rank updated="yes">2</rank>
        <year>1</year>
        <gdppc>141100</gdppc>
        <neighbor direction="E" name="Austria" />
        <neighbor direction="W" name="Switzerland" />
    </country>
    <country name="Singapore">
        <rank updated="yes">5</rank>
        <year>2011</year>
        <gdppc>59900</gdppc>
        <neighbor direction="N" name="Malaysia" />
    </country>
    <country name="India">
        <rank updated="yes">69</rank>
        <year>2011</year>
        <gdppc>13600</gdppc>
        <neighbor direction="gffd" name="fgfdgfd" />
        <neighbor direction="gffd" name="fgfdgfd" />
    </country>
</data>